{"cameraMode":{"drawMode":0,"name":"Shaded","section":"Shading Mode"},"sceneLighting":true,"audioPlay":false,"sceneViewState":{"m_AlwaysRefresh":false,"showFog":true,"showSkybox":true,"showFlares":true,"showImageEffects":true,"showParticleSystems":true,"showVisualEffectGraphs":true,"m_FxEnabled":true},"in2DMode":false,"pivot":{"x":6.63107442855835,"y":-0.16242074966430665,"z":-8.464275360107422},"rotation":{"x":0.002207089914008975,"y":0.9943913221359253,"z":-0.10359979420900345,"w":0.021184680983424188},"size":14.860950469970704,"orthographic":false}